Workbook

Sheet README
B2: SER Import Template
B3: For NPD_BuildStatus.html, tab 3 · SER tracking. One file per model.
B5: TTi model | F5: ← required: must match the model selected in the dashboard
B6: Customer model
B8: How to use
B9: 1. Enter the TTi model in C5.
B10: 2. For each build, export the SER status report of the model from the SER system (SER_STATUS_BY_MODEL_REPORT_....xlsx).
B11: 3. Copy the whole report INCLUDING its header row and paste it into cell A1 of the matching sheet: EB, QB, PP, FMP or MP.
B12: 4. Leave the sheets of phases not built yet empty (header row only).
B13: 5. Save this file. In the dashboard: tab 3 SER tracking → select the model → Import Excel → choose this file → Save.
B14: 6. From QB on, columns K-O are filled from the previous phase for the same Item NO. Overwrite them when something changes.
B15: Rules
B16: • Columns are found by header name. Required: Item NO, Rev, Description, SER NO, Sample Status (column order does not matter).
B17: • Sample Status 'Approved for Production' = FA · 'LIMIT' = LA · anything else or empty = No SER.
B18: • An Item NO listed more than once (several BOM levels) is counted once.
... B21: Quick check (counts rows as pasted, standard column order)
B22: Phase | C22: Rows | D22: FA | E22: LA | F22: No SER
B23: EB | C23: =MAX(0,COUNTA(EB!B:B)-1) -> 0 | D23: =COUNTIF(EB!J:J,"Approved for Production") -> 0 | E23: =COUNTIF(EB!J:J,"LIMIT") -> 0 | F23: =C23-D23-E23 -> 0
B24: QB | C24: =MAX(0,COUNTA(QB!B:B)-1) -> 0 | D24: =COUNTIF(QB!J:J,"Approved for Production") -> 0 | E24: =COUNTIF(QB!J:J,"LIMIT") -> 0 | F24: =C24-D24-E24 -> 0
B25: PP | C25: =MAX(0,COUNTA(PP!B:B)-1) -> 0 | D25: =COUNTIF(PP!J:J,"Approved for Production") -> 0 | E25: =COUNTIF(PP!J:J,"LIMIT") -> 0 | F25: =C25-D25-E25 -> 0
B26: FMP | C26: =MAX(0,COUNTA(FMP!B:B)-1) -> 0 | D26: =COUNTIF(FMP!J:J,"Approved for Production") -> 0 | E26: =COUNTIF(FMP!J:J,"LIMIT") -> 0 | F26: =C26-D26-E26 -> 0
B27: MP | C27: =MAX(0,COUNTA(MP!B:B)-1) -> 0 | D27: =COUNTIF(MP!J:J,"Approved for Production") -> 0 | E27: =COUNTIF(MP!J:J,"LIMIT") -> 0 | F27: =C27-D27-E27 -> 0

Sheet EB
A1: Level | B1: Item NO | C1: SER Status | D1: Rev | E1: Description | F1: Qty | G1: Item Type | H1: SER NO | I1: SER Requestor | J1: Sample Status | K1: Drawing updated | L1: LA accepted for PP | M1: Upgrade to FA | N1: Resubmit SER (new drawing) | O1: Remark

Sheet QB
A1: Level | B1: Item NO | C1: SER Status | D1: Rev | E1: Description | F1: Qty | G1: Item Type | H1: SER NO | I1: SER Requestor | J1: Sample Status | K1: Drawing updated | L1: LA accepted for PP | M1: Upgrade to FA | N1: Resubmit SER (new drawing) | O1: Remark
K2: =IF($B2="","",IFERROR(INDEX(EB!K:K,MATCH($B2,EB!$B:$B,0))&"","")) | L2: =IF($B2="","",IFERROR(INDEX(EB!L:L,MATCH($B2,EB!$B:$B,0))&"","")) | M2: =IF($B2="","",IFERROR(INDEX(EB!M:M,MATCH($B2,EB!$B:$B,0))&"","")) | N2: =IF($B2="","",IFERROR(INDEX(EB!N:N,MATCH($B2,EB!$B:$B,0))&"","")) | O2: =IF($B2="","",IFERROR(INDEX(EB!O:O,MATCH($B2,EB!$B:$B,0))&"",""))
K3: =IF($B3="","",IFERROR(INDEX(EB!K:K,MATCH($B3,EB!$B:$B,0))&"","")) | L3: =IF($B3="","",IFERROR(INDEX(EB!L:L,MATCH($B3,EB!$B:$B,0))&"","")) | M3: =IF($B3="","",IFERROR(INDEX(EB!M:M,MATCH($B3,EB!$B:$B,0))&"","")) | N3: =IF($B3="","",IFERROR(INDEX(EB!N:N,MATCH($B3,EB!$B:$B,0))&"","")) | O3: =IF($B3="","",IFERROR(INDEX(EB!O:O,MATCH($B3,EB!$B:$B,0))&"",""))
K4: =IF($B4="","",IFERROR(INDEX(EB!K:K,MATCH($B4,EB!$B:$B,0))&"","")) | L4: =IF($B4="","",IFERROR(INDEX(EB!L:L,MATCH($B4,EB!$B:$B,0))&"","")) | M4: =IF($B4="","",IFERROR(INDEX(EB!M:M,MATCH($B4,EB!$B:$B,0))&"","")) | N4: =IF($B4="","",IFERROR(INDEX(EB!N:N,MATCH($B4,EB!$B:$B,0))&"","")) | O4: =IF($B4="","",IFERROR(INDEX(EB!O:O,MATCH($B4,EB!$B:$B,0))&"",""))
K5: =IF($B5="","",IFERROR(INDEX(EB!K:K,MATCH($B5,EB!$B:$B,0))&"","")) | L5: =IF($B5="","",IFERROR(INDEX(EB!L:L,MATCH($B5,EB!$B:$B,0))&"","")) | M5: =IF($B5="","",IFERROR(INDEX(EB!M:M,MATCH($B5,EB!$B:$B,0))&"","")) | N5: =IF($B5="","",IFERROR(INDEX(EB!N:N,MATCH($B5,EB!$B:$B,0))&"","")) | O5: =IF($B5="","",IFERROR(INDEX(EB!O:O,MATCH($B5,EB!$B:$B,0))&"",""))
K6: =IF($B6="","",IFERROR(INDEX(EB!K:K,MATCH($B6,EB!$B:$B,0))&"","")) | L6: =IF($B6="","",IFERROR(INDEX(EB!L:L,MATCH($B6,EB!$B:$B,0))&"","")) | M6: =IF($B6="","",IFERROR(INDEX(EB!M:M,MATCH($B6,EB!$B:$B,0))&"","")) | N6: =IF($B6="","",IFERROR(INDEX(EB!N:N,MATCH($B6,EB!$B:$B,0))&"","")) | O6: =IF($B6="","",IFERROR(INDEX(EB!O:O,MATCH($B6,EB!$B:$B,0))&"",""))
K7: =IF($B7="","",IFERROR(INDEX(EB!K:K,MATCH($B7,EB!$B:$B,0))&"","")) | L7: =IF($B7="","",IFERROR(INDEX(EB!L:L,MATCH($B7,EB!$B:$B,0))&"","")) | M7: =IF($B7="","",IFERROR(INDEX(EB!M:M,MATCH($B7,EB!$B:$B,0))&"","")) | N7: =IF($B7="","",IFERROR(INDEX(EB!N:N,MATCH($B7,EB!$B:$B,0))&"","")) | O7: =IF($B7="","",IFERROR(INDEX(EB!O:O,MATCH($B7,EB!$B:$B,0))&"",""))
K8: =IF($B8="","",IFERROR(INDEX(EB!K:K,MATCH($B8,EB!$B:$B,0))&"","")) | L8: =IF($B8="","",IFERROR(INDEX(EB!L:L,MATCH($B8,EB!$B:$B,0))&"","")) | M8: =IF($B8="","",IFERROR(INDEX(EB!M:M,MATCH($B8,EB!$B:$B,0))&"","")) | N8: =IF($B8="","",IFERROR(INDEX(EB!N:N,MATCH($B8,EB!$B:$B,0))&"","")) | O8: =IF($B8="","",IFERROR(INDEX(EB!O:O,MATCH($B8,EB!$B:$B,0))&"",""))
K9: =IF($B9="","",IFERROR(INDEX(EB!K:K,MATCH($B9,EB!$B:$B,0))&"","")) | L9: =IF($B9="","",IFERROR(INDEX(EB!L:L,MATCH($B9,EB!$B:$B,0))&"","")) | M9: =IF($B9="","",IFERROR(INDEX(EB!M:M,MATCH($B9,EB!$B:$B,0))&"","")) | N9: =IF($B9="","",IFERROR(INDEX(EB!N:N,MATCH($B9,EB!$B:$B,0))&"","")) | O9: =IF($B9="","",IFERROR(INDEX(EB!O:O,MATCH($B9,EB!$B:$B,0))&"",""))
K10: =IF($B10="","",IFERROR(INDEX(EB!K:K,MATCH($B10,EB!$B:$B,0))&"","")) | L10: =IF($B10="","",IFERROR(INDEX(EB!L:L,MATCH($B10,EB!$B:$B,0))&"","")) | M10: =IF($B10="","",IFERROR(INDEX(EB!M:M,MATCH($B10,EB!$B:$B,0))&"","")) | N10: =IF($B10="","",IFERROR(INDEX(EB!N:N,MATCH($B10,EB!$B:$B,0))&"","")) | O10: =IF($B10="","",IFERROR(INDEX(EB!O:O,MATCH($B10,EB!$B:$B,0))&"",""))
K11: =IF($B11="","",IFERROR(INDEX(EB!K:K,MATCH($B11,EB!$B:$B,0))&"","")) | L11: =IF($B11="","",IFERROR(INDEX(EB!L:L,MATCH($B11,EB!$B:$B,0))&"","")) | M11: =IF($B11="","",IFERROR(INDEX(EB!M:M,MATCH($B11,EB!$B:$B,0))&"","")) | N11: =IF($B11="","",IFERROR(INDEX(EB!N:N,MATCH($B11,EB!$B:$B,0))&"","")) | O11: =IF($B11="","",IFERROR(INDEX(EB!O:O,MATCH($B11,EB!$B:$B,0))&"",""))
K12: =IF($B12="","",IFERROR(INDEX(EB!K:K,MATCH($B12,EB!$B:$B,0))&"","")) | L12: =IF($B12="","",IFERROR(INDEX(EB!L:L,MATCH($B12,EB!$B:$B,0))&"","")) | M12: =IF($B12="","",IFERROR(INDEX(EB!M:M,MATCH($B12,EB!$B:$B,0))&"","")) | N12: =IF($B12="","",IFERROR(INDEX(EB!N:N,MATCH($B12,EB!$B:$B,0))&"","")) | O12: =IF($B12="","",IFERROR(INDEX(EB!O:O,MATCH($B12,EB!$B:$B,0))&"",""))
K13: =IF($B13="","",IFERROR(INDEX(EB!K:K,MATCH($B13,EB!$B:$B,0))&"","")) | L13: =IF($B13="","",IFERROR(INDEX(EB!L:L,MATCH($B13,EB!$B:$B,0))&"","")) | M13: =IF($B13="","",IFERROR(INDEX(EB!M:M,MATCH($B13,EB!$B:$B,0))&"","")) | N13: =IF($B13="","",IFERROR(INDEX(EB!N:N,MATCH($B13,EB!$B:$B,0))&"","")) | O13: =IF($B13="","",IFERROR(INDEX(EB!O:O,MATCH($B13,EB!$B:$B,0))&"",""))
... K1000: =IF($B1000="","",IFERROR(INDEX(EB!K:K,MATCH($B1000,EB!$B:$B,0))&"","")) | L1000: =IF($B1000="","",IFERROR(INDEX(EB!L:L,MATCH($B1000,EB!$B:$B,0))&"","")) | M1000: =IF($B1000="","",IFERROR(INDEX(EB!M:M,MATCH($B1000,EB!$B:$B,0))&"","")) | N1000: =IF($B1000="","",IFERROR(INDEX(EB!N:N,MATCH($B1000,EB!$B:$B,0))&"","")) | O1000: =IF($B1000="","",IFERROR(INDEX(EB!O:O,MATCH($B1000,EB!$B:$B,0))&"",""))

Sheet PP
A1: Level | B1: Item NO | C1: SER Status | D1: Rev | E1: Description | F1: Qty | G1: Item Type | H1: SER NO | I1: SER Requestor | J1: Sample Status | K1: Drawing updated | L1: LA accepted for PP | M1: Upgrade to FA | N1: Resubmit SER (new drawing) | O1: Remark
K2: =IF($B2="","",IFERROR(INDEX(QB!K:K,MATCH($B2,QB!$B:$B,0))&"","")) | L2: =IF($B2="","",IFERROR(INDEX(QB!L:L,MATCH($B2,QB!$B:$B,0))&"","")) | M2: =IF($B2="","",IFERROR(INDEX(QB!M:M,MATCH($B2,QB!$B:$B,0))&"","")) | N2: =IF($B2="","",IFERROR(INDEX(QB!N:N,MATCH($B2,QB!$B:$B,0))&"","")) | O2: =IF($B2="","",IFERROR(INDEX(QB!O:O,MATCH($B2,QB!$B:$B,0))&"",""))
K3: =IF($B3="","",IFERROR(INDEX(QB!K:K,MATCH($B3,QB!$B:$B,0))&"","")) | L3: =IF($B3="","",IFERROR(INDEX(QB!L:L,MATCH($B3,QB!$B:$B,0))&"","")) | M3: =IF($B3="","",IFERROR(INDEX(QB!M:M,MATCH($B3,QB!$B:$B,0))&"","")) | N3: =IF($B3="","",IFERROR(INDEX(QB!N:N,MATCH($B3,QB!$B:$B,0))&"","")) | O3: =IF($B3="","",IFERROR(INDEX(QB!O:O,MATCH($B3,QB!$B:$B,0))&"",""))
K4: =IF($B4="","",IFERROR(INDEX(QB!K:K,MATCH($B4,QB!$B:$B,0))&"","")) | L4: =IF($B4="","",IFERROR(INDEX(QB!L:L,MATCH($B4,QB!$B:$B,0))&"","")) | M4: =IF($B4="","",IFERROR(INDEX(QB!M:M,MATCH($B4,QB!$B:$B,0))&"","")) | N4: =IF($B4="","",IFERROR(INDEX(QB!N:N,MATCH($B4,QB!$B:$B,0))&"","")) | O4: =IF($B4="","",IFERROR(INDEX(QB!O:O,MATCH($B4,QB!$B:$B,0))&"",""))
K5: =IF($B5="","",IFERROR(INDEX(QB!K:K,MATCH($B5,QB!$B:$B,0))&"","")) | L5: =IF($B5="","",IFERROR(INDEX(QB!L:L,MATCH($B5,QB!$B:$B,0))&"","")) | M5: =IF($B5="","",IFERROR(INDEX(QB!M:M,MATCH($B5,QB!$B:$B,0))&"","")) | N5: =IF($B5="","",IFERROR(INDEX(QB!N:N,MATCH($B5,QB!$B:$B,0))&"","")) | O5: =IF($B5="","",IFERROR(INDEX(QB!O:O,MATCH($B5,QB!$B:$B,0))&"",""))
K6: =IF($B6="","",IFERROR(INDEX(QB!K:K,MATCH($B6,QB!$B:$B,0))&"","")) | L6: =IF($B6="","",IFERROR(INDEX(QB!L:L,MATCH($B6,QB!$B:$B,0))&"","")) | M6: =IF($B6="","",IFERROR(INDEX(QB!M:M,MATCH($B6,QB!$B:$B,0))&"","")) | N6: =IF($B6="","",IFERROR(INDEX(QB!N:N,MATCH($B6,QB!$B:$B,0))&"","")) | O6: =IF($B6="","",IFERROR(INDEX(QB!O:O,MATCH($B6,QB!$B:$B,0))&"",""))
K7: =IF($B7="","",IFERROR(INDEX(QB!K:K,MATCH($B7,QB!$B:$B,0))&"","")) | L7: =IF($B7="","",IFERROR(INDEX(QB!L:L,MATCH($B7,QB!$B:$B,0))&"","")) | M7: =IF($B7="","",IFERROR(INDEX(QB!M:M,MATCH($B7,QB!$B:$B,0))&"","")) | N7: =IF($B7="","",IFERROR(INDEX(QB!N:N,MATCH($B7,QB!$B:$B,0))&"","")) | O7: =IF($B7="","",IFERROR(INDEX(QB!O:O,MATCH($B7,QB!$B:$B,0))&"",""))
K8: =IF($B8="","",IFERROR(INDEX(QB!K:K,MATCH($B8,QB!$B:$B,0))&"","")) | L8: =IF($B8="","",IFERROR(INDEX(QB!L:L,MATCH($B8,QB!$B:$B,0))&"","")) | M8: =IF($B8="","",IFERROR(INDEX(QB!M:M,MATCH($B8,QB!$B:$B,0))&"","")) | N8: =IF($B8="","",IFERROR(INDEX(QB!N:N,MATCH($B8,QB!$B:$B,0))&"","")) | O8: =IF($B8="","",IFERROR(INDEX(QB!O:O,MATCH($B8,QB!$B:$B,0))&"",""))
K9: =IF($B9="","",IFERROR(INDEX(QB!K:K,MATCH($B9,QB!$B:$B,0))&"","")) | L9: =IF($B9="","",IFERROR(INDEX(QB!L:L,MATCH($B9,QB!$B:$B,0))&"","")) | M9: =IF($B9="","",IFERROR(INDEX(QB!M:M,MATCH($B9,QB!$B:$B,0))&"","")) | N9: =IF($B9="","",IFERROR(INDEX(QB!N:N,MATCH($B9,QB!$B:$B,0))&"","")) | O9: =IF($B9="","",IFERROR(INDEX(QB!O:O,MATCH($B9,QB!$B:$B,0))&"",""))
K10: =IF($B10="","",IFERROR(INDEX(QB!K:K,MATCH($B10,QB!$B:$B,0))&"","")) | L10: =IF($B10="","",IFERROR(INDEX(QB!L:L,MATCH($B10,QB!$B:$B,0))&"","")) | M10: =IF($B10="","",IFERROR(INDEX(QB!M:M,MATCH($B10,QB!$B:$B,0))&"","")) | N10: =IF($B10="","",IFERROR(INDEX(QB!N:N,MATCH($B10,QB!$B:$B,0))&"","")) | O10: =IF($B10="","",IFERROR(INDEX(QB!O:O,MATCH($B10,QB!$B:$B,0))&"",""))
K11: =IF($B11="","",IFERROR(INDEX(QB!K:K,MATCH($B11,QB!$B:$B,0))&"","")) | L11: =IF($B11="","",IFERROR(INDEX(QB!L:L,MATCH($B11,QB!$B:$B,0))&"","")) | M11: =IF($B11="","",IFERROR(INDEX(QB!M:M,MATCH($B11,QB!$B:$B,0))&"","")) | N11: =IF($B11="","",IFERROR(INDEX(QB!N:N,MATCH($B11,QB!$B:$B,0))&"","")) | O11: =IF($B11="","",IFERROR(INDEX(QB!O:O,MATCH($B11,QB!$B:$B,0))&"",""))
K12: =IF($B12="","",IFERROR(INDEX(QB!K:K,MATCH($B12,QB!$B:$B,0))&"","")) | L12: =IF($B12="","",IFERROR(INDEX(QB!L:L,MATCH($B12,QB!$B:$B,0))&"","")) | M12: =IF($B12="","",IFERROR(INDEX(QB!M:M,MATCH($B12,QB!$B:$B,0))&"","")) | N12: =IF($B12="","",IFERROR(INDEX(QB!N:N,MATCH($B12,QB!$B:$B,0))&"","")) | O12: =IF($B12="","",IFERROR(INDEX(QB!O:O,MATCH($B12,QB!$B:$B,0))&"",""))
K13: =IF($B13="","",IFERROR(INDEX(QB!K:K,MATCH($B13,QB!$B:$B,0))&"","")) | L13: =IF($B13="","",IFERROR(INDEX(QB!L:L,MATCH($B13,QB!$B:$B,0))&"","")) | M13: =IF($B13="","",IFERROR(INDEX(QB!M:M,MATCH($B13,QB!$B:$B,0))&"","")) | N13: =IF($B13="","",IFERROR(INDEX(QB!N:N,MATCH($B13,QB!$B:$B,0))&"","")) | O13: =IF($B13="","",IFERROR(INDEX(QB!O:O,MATCH($B13,QB!$B:$B,0))&"",""))
... K1000: =IF($B1000="","",IFERROR(INDEX(QB!K:K,MATCH($B1000,QB!$B:$B,0))&"","")) | L1000: =IF($B1000="","",IFERROR(INDEX(QB!L:L,MATCH($B1000,QB!$B:$B,0))&"","")) | M1000: =IF($B1000="","",IFERROR(INDEX(QB!M:M,MATCH($B1000,QB!$B:$B,0))&"","")) | N1000: =IF($B1000="","",IFERROR(INDEX(QB!N:N,MATCH($B1000,QB!$B:$B,0))&"","")) | O1000: =IF($B1000="","",IFERROR(INDEX(QB!O:O,MATCH($B1000,QB!$B:$B,0))&"",""))

Sheet FMP
A1: Level | B1: Item NO | C1: SER Status | D1: Rev | E1: Description | F1: Qty | G1: Item Type | H1: SER NO | I1: SER Requestor | J1: Sample Status | K1: Drawing updated | L1: LA accepted for PP | M1: Upgrade to FA | N1: Resubmit SER (new drawing) | O1: Remark
K2: =IF($B2="","",IFERROR(INDEX(PP!K:K,MATCH($B2,PP!$B:$B,0))&"","")) | L2: =IF($B2="","",IFERROR(INDEX(PP!L:L,MATCH($B2,PP!$B:$B,0))&"","")) | M2: =IF($B2="","",IFERROR(INDEX(PP!M:M,MATCH($B2,PP!$B:$B,0))&"","")) | N2: =IF($B2="","",IFERROR(INDEX(PP!N:N,MATCH($B2,PP!$B:$B,0))&"","")) | O2: =IF($B2="","",IFERROR(INDEX(PP!O:O,MATCH($B2,PP!$B:$B,0))&"",""))
K3: =IF($B3="","",IFERROR(INDEX(PP!K:K,MATCH($B3,PP!$B:$B,0))&"","")) | L3: =IF($B3="","",IFERROR(INDEX(PP!L:L,MATCH($B3,PP!$B:$B,0))&"","")) | M3: =IF($B3="","",IFERROR(INDEX(PP!M:M,MATCH($B3,PP!$B:$B,0))&"","")) | N3: =IF($B3="","",IFERROR(INDEX(PP!N:N,MATCH($B3,PP!$B:$B,0))&"","")) | O3: =IF($B3="","",IFERROR(INDEX(PP!O:O,MATCH($B3,PP!$B:$B,0))&"",""))
K4: =IF($B4="","",IFERROR(INDEX(PP!K:K,MATCH($B4,PP!$B:$B,0))&"","")) | L4: =IF($B4="","",IFERROR(INDEX(PP!L:L,MATCH($B4,PP!$B:$B,0))&"","")) | M4: =IF($B4="","",IFERROR(INDEX(PP!M:M,MATCH($B4,PP!$B:$B,0))&"","")) | N4: =IF($B4="","",IFERROR(INDEX(PP!N:N,MATCH($B4,PP!$B:$B,0))&"","")) | O4: =IF($B4="","",IFERROR(INDEX(PP!O:O,MATCH($B4,PP!$B:$B,0))&"",""))
K5: =IF($B5="","",IFERROR(INDEX(PP!K:K,MATCH($B5,PP!$B:$B,0))&"","")) | L5: =IF($B5="","",IFERROR(INDEX(PP!L:L,MATCH($B5,PP!$B:$B,0))&"","")) | M5: =IF($B5="","",IFERROR(INDEX(PP!M:M,MATCH($B5,PP!$B:$B,0))&"","")) | N5: =IF($B5="","",IFERROR(INDEX(PP!N:N,MATCH($B5,PP!$B:$B,0))&"","")) | O5: =IF($B5="","",IFERROR(INDEX(PP!O:O,MATCH($B5,PP!$B:$B,0))&"",""))
K6: =IF($B6="","",IFERROR(INDEX(PP!K:K,MATCH($B6,PP!$B:$B,0))&"","")) | L6: =IF($B6="","",IFERROR(INDEX(PP!L:L,MATCH($B6,PP!$B:$B,0))&"","")) | M6: =IF($B6="","",IFERROR(INDEX(PP!M:M,MATCH($B6,PP!$B:$B,0))&"","")) | N6: =IF($B6="","",IFERROR(INDEX(PP!N:N,MATCH($B6,PP!$B:$B,0))&"","")) | O6: =IF($B6="","",IFERROR(INDEX(PP!O:O,MATCH($B6,PP!$B:$B,0))&"",""))
K7: =IF($B7="","",IFERROR(INDEX(PP!K:K,MATCH($B7,PP!$B:$B,0))&"","")) | L7: =IF($B7="","",IFERROR(INDEX(PP!L:L,MATCH($B7,PP!$B:$B,0))&"","")) | M7: =IF($B7="","",IFERROR(INDEX(PP!M:M,MATCH($B7,PP!$B:$B,0))&"","")) | N7: =IF($B7="","",IFERROR(INDEX(PP!N:N,MATCH($B7,PP!$B:$B,0))&"","")) | O7: =IF($B7="","",IFERROR(INDEX(PP!O:O,MATCH($B7,PP!$B:$B,0))&"",""))
K8: =IF($B8="","",IFERROR(INDEX(PP!K:K,MATCH($B8,PP!$B:$B,0))&"","")) | L8: =IF($B8="","",IFERROR(INDEX(PP!L:L,MATCH($B8,PP!$B:$B,0))&"","")) | M8: =IF($B8="","",IFERROR(INDEX(PP!M:M,MATCH($B8,PP!$B:$B,0))&"","")) | N8: =IF($B8="","",IFERROR(INDEX(PP!N:N,MATCH($B8,PP!$B:$B,0))&"","")) | O8: =IF($B8="","",IFERROR(INDEX(PP!O:O,MATCH($B8,PP!$B:$B,0))&"",""))
K9: =IF($B9="","",IFERROR(INDEX(PP!K:K,MATCH($B9,PP!$B:$B,0))&"","")) | L9: =IF($B9="","",IFERROR(INDEX(PP!L:L,MATCH($B9,PP!$B:$B,0))&"","")) | M9: =IF($B9="","",IFERROR(INDEX(PP!M:M,MATCH($B9,PP!$B:$B,0))&"","")) | N9: =IF($B9="","",IFERROR(INDEX(PP!N:N,MATCH($B9,PP!$B:$B,0))&"","")) | O9: =IF($B9="","",IFERROR(INDEX(PP!O:O,MATCH($B9,PP!$B:$B,0))&"",""))
K10: =IF($B10="","",IFERROR(INDEX(PP!K:K,MATCH($B10,PP!$B:$B,0))&"","")) | L10: =IF($B10="","",IFERROR(INDEX(PP!L:L,MATCH($B10,PP!$B:$B,0))&"","")) | M10: =IF($B10="","",IFERROR(INDEX(PP!M:M,MATCH($B10,PP!$B:$B,0))&"","")) | N10: =IF($B10="","",IFERROR(INDEX(PP!N:N,MATCH($B10,PP!$B:$B,0))&"","")) | O10: =IF($B10="","",IFERROR(INDEX(PP!O:O,MATCH($B10,PP!$B:$B,0))&"",""))
K11: =IF($B11="","",IFERROR(INDEX(PP!K:K,MATCH($B11,PP!$B:$B,0))&"","")) | L11: =IF($B11="","",IFERROR(INDEX(PP!L:L,MATCH($B11,PP!$B:$B,0))&"","")) | M11: =IF($B11="","",IFERROR(INDEX(PP!M:M,MATCH($B11,PP!$B:$B,0))&"","")) | N11: =IF($B11="","",IFERROR(INDEX(PP!N:N,MATCH($B11,PP!$B:$B,0))&"","")) | O11: =IF($B11="","",IFERROR(INDEX(PP!O:O,MATCH($B11,PP!$B:$B,0))&"",""))
K12: =IF($B12="","",IFERROR(INDEX(PP!K:K,MATCH($B12,PP!$B:$B,0))&"","")) | L12: =IF($B12="","",IFERROR(INDEX(PP!L:L,MATCH($B12,PP!$B:$B,0))&"","")) | M12: =IF($B12="","",IFERROR(INDEX(PP!M:M,MATCH($B12,PP!$B:$B,0))&"","")) | N12: =IF($B12="","",IFERROR(INDEX(PP!N:N,MATCH($B12,PP!$B:$B,0))&"","")) | O12: =IF($B12="","",IFERROR(INDEX(PP!O:O,MATCH($B12,PP!$B:$B,0))&"",""))
K13: =IF($B13="","",IFERROR(INDEX(PP!K:K,MATCH($B13,PP!$B:$B,0))&"","")) | L13: =IF($B13="","",IFERROR(INDEX(PP!L:L,MATCH($B13,PP!$B:$B,0))&"","")) | M13: =IF($B13="","",IFERROR(INDEX(PP!M:M,MATCH($B13,PP!$B:$B,0))&"","")) | N13: =IF($B13="","",IFERROR(INDEX(PP!N:N,MATCH($B13,PP!$B:$B,0))&"","")) | O13: =IF($B13="","",IFERROR(INDEX(PP!O:O,MATCH($B13,PP!$B:$B,0))&"",""))
... K1000: =IF($B1000="","",IFERROR(INDEX(PP!K:K,MATCH($B1000,PP!$B:$B,0))&"","")) | L1000: =IF($B1000="","",IFERROR(INDEX(PP!L:L,MATCH($B1000,PP!$B:$B,0))&"","")) | M1000: =IF($B1000="","",IFERROR(INDEX(PP!M:M,MATCH($B1000,PP!$B:$B,0))&"","")) | N1000: =IF($B1000="","",IFERROR(INDEX(PP!N:N,MATCH($B1000,PP!$B:$B,0))&"","")) | O1000: =IF($B1000="","",IFERROR(INDEX(PP!O:O,MATCH($B1000,PP!$B:$B,0))&"",""))

Sheet MP
A1: Level | B1: Item NO | C1: SER Status | D1: Rev | E1: Description | F1: Qty | G1: Item Type | H1: SER NO | I1: SER Requestor | J1: Sample Status | K1: Drawing updated | L1: LA accepted for PP | M1: Upgrade to FA | N1: Resubmit SER (new drawing) | O1: Remark
K2: =IF($B2="","",IFERROR(INDEX(FMP!K:K,MATCH($B2,FMP!$B:$B,0))&"","")) | L2: =IF($B2="","",IFERROR(INDEX(FMP!L:L,MATCH($B2,FMP!$B:$B,0))&"","")) | M2: =IF($B2="","",IFERROR(INDEX(FMP!M:M,MATCH($B2,FMP!$B:$B,0))&"","")) | N2: =IF($B2="","",IFERROR(INDEX(FMP!N:N,MATCH($B2,FMP!$B:$B,0))&"","")) | O2: =IF($B2="","",IFERROR(INDEX(FMP!O:O,MATCH($B2,FMP!$B:$B,0))&"",""))
K3: =IF($B3="","",IFERROR(INDEX(FMP!K:K,MATCH($B3,FMP!$B:$B,0))&"","")) | L3: =IF($B3="","",IFERROR(INDEX(FMP!L:L,MATCH($B3,FMP!$B:$B,0))&"","")) | M3: =IF($B3="","",IFERROR(INDEX(FMP!M:M,MATCH($B3,FMP!$B:$B,0))&"","")) | N3: =IF($B3="","",IFERROR(INDEX(FMP!N:N,MATCH($B3,FMP!$B:$B,0))&"","")) | O3: =IF($B3="","",IFERROR(INDEX(FMP!O:O,MATCH($B3,FMP!$B:$B,0))&"",""))
K4: =IF($B4="","",IFERROR(INDEX(FMP!K:K,MATCH($B4,FMP!$B:$B,0))&"","")) | L4: =IF($B4="","",IFERROR(INDEX(FMP!L:L,MATCH($B4,FMP!$B:$B,0))&"","")) | M4: =IF($B4="","",IFERROR(INDEX(FMP!M:M,MATCH($B4,FMP!$B:$B,0))&"","")) | N4: =IF($B4="","",IFERROR(INDEX(FMP!N:N,MATCH($B4,FMP!$B:$B,0))&"","")) | O4: =IF($B4="","",IFERROR(INDEX(FMP!O:O,MATCH($B4,FMP!$B:$B,0))&"",""))
K5: =IF($B5="","",IFERROR(INDEX(FMP!K:K,MATCH($B5,FMP!$B:$B,0))&"","")) | L5: =IF($B5="","",IFERROR(INDEX(FMP!L:L,MATCH($B5,FMP!$B:$B,0))&"","")) | M5: =IF($B5="","",IFERROR(INDEX(FMP!M:M,MATCH($B5,FMP!$B:$B,0))&"","")) | N5: =IF($B5="","",IFERROR(INDEX(FMP!N:N,MATCH($B5,FMP!$B:$B,0))&"","")) | O5: =IF($B5="","",IFERROR(INDEX(FMP!O:O,MATCH($B5,FMP!$B:$B,0))&"",""))
K6: =IF($B6="","",IFERROR(INDEX(FMP!K:K,MATCH($B6,FMP!$B:$B,0))&"","")) | L6: =IF($B6="","",IFERROR(INDEX(FMP!L:L,MATCH($B6,FMP!$B:$B,0))&"","")) | M6: =IF($B6="","",IFERROR(INDEX(FMP!M:M,MATCH($B6,FMP!$B:$B,0))&"","")) | N6: =IF($B6="","",IFERROR(INDEX(FMP!N:N,MATCH($B6,FMP!$B:$B,0))&"","")) | O6: =IF($B6="","",IFERROR(INDEX(FMP!O:O,MATCH($B6,FMP!$B:$B,0))&"",""))
K7: =IF($B7="","",IFERROR(INDEX(FMP!K:K,MATCH($B7,FMP!$B:$B,0))&"","")) | L7: =IF($B7="","",IFERROR(INDEX(FMP!L:L,MATCH($B7,FMP!$B:$B,0))&"","")) | M7: =IF($B7="","",IFERROR(INDEX(FMP!M:M,MATCH($B7,FMP!$B:$B,0))&"","")) | N7: =IF($B7="","",IFERROR(INDEX(FMP!N:N,MATCH($B7,FMP!$B:$B,0))&"","")) | O7: =IF($B7="","",IFERROR(INDEX(FMP!O:O,MATCH($B7,FMP!$B:$B,0))&"",""))
K8: =IF($B8="","",IFERROR(INDEX(FMP!K:K,MATCH($B8,FMP!$B:$B,0))&"","")) | L8: =IF($B8="","",IFERROR(INDEX(FMP!L:L,MATCH($B8,FMP!$B:$B,0))&"","")) | M8: =IF($B8="","",IFERROR(INDEX(FMP!M:M,MATCH($B8,FMP!$B:$B,0))&"","")) | N8: =IF($B8="","",IFERROR(INDEX(FMP!N:N,MATCH($B8,FMP!$B:$B,0))&"","")) | O8: =IF($B8="","",IFERROR(INDEX(FMP!O:O,MATCH($B8,FMP!$B:$B,0))&"",""))
K9: =IF($B9="","",IFERROR(INDEX(FMP!K:K,MATCH($B9,FMP!$B:$B,0))&"","")) | L9: =IF($B9="","",IFERROR(INDEX(FMP!L:L,MATCH($B9,FMP!$B:$B,0))&"","")) | M9: =IF($B9="","",IFERROR(INDEX(FMP!M:M,MATCH($B9,FMP!$B:$B,0))&"","")) | N9: =IF($B9="","",IFERROR(INDEX(FMP!N:N,MATCH($B9,FMP!$B:$B,0))&"","")) | O9: =IF($B9="","",IFERROR(INDEX(FMP!O:O,MATCH($B9,FMP!$B:$B,0))&"",""))
K10: =IF($B10="","",IFERROR(INDEX(FMP!K:K,MATCH($B10,FMP!$B:$B,0))&"","")) | L10: =IF($B10="","",IFERROR(INDEX(FMP!L:L,MATCH($B10,FMP!$B:$B,0))&"","")) | M10: =IF($B10="","",IFERROR(INDEX(FMP!M:M,MATCH($B10,FMP!$B:$B,0))&"","")) | N10: =IF($B10="","",IFERROR(INDEX(FMP!N:N,MATCH($B10,FMP!$B:$B,0))&"","")) | O10: =IF($B10="","",IFERROR(INDEX(FMP!O:O,MATCH($B10,FMP!$B:$B,0))&"",""))
K11: =IF($B11="","",IFERROR(INDEX(FMP!K:K,MATCH($B11,FMP!$B:$B,0))&"","")) | L11: =IF($B11="","",IFERROR(INDEX(FMP!L:L,MATCH($B11,FMP!$B:$B,0))&"","")) | M11: =IF($B11="","",IFERROR(INDEX(FMP!M:M,MATCH($B11,FMP!$B:$B,0))&"","")) | N11: =IF($B11="","",IFERROR(INDEX(FMP!N:N,MATCH($B11,FMP!$B:$B,0))&"","")) | O11: =IF($B11="","",IFERROR(INDEX(FMP!O:O,MATCH($B11,FMP!$B:$B,0))&"",""))
K12: =IF($B12="","",IFERROR(INDEX(FMP!K:K,MATCH($B12,FMP!$B:$B,0))&"","")) | L12: =IF($B12="","",IFERROR(INDEX(FMP!L:L,MATCH($B12,FMP!$B:$B,0))&"","")) | M12: =IF($B12="","",IFERROR(INDEX(FMP!M:M,MATCH($B12,FMP!$B:$B,0))&"","")) | N12: =IF($B12="","",IFERROR(INDEX(FMP!N:N,MATCH($B12,FMP!$B:$B,0))&"","")) | O12: =IF($B12="","",IFERROR(INDEX(FMP!O:O,MATCH($B12,FMP!$B:$B,0))&"",""))
K13: =IF($B13="","",IFERROR(INDEX(FMP!K:K,MATCH($B13,FMP!$B:$B,0))&"","")) | L13: =IF($B13="","",IFERROR(INDEX(FMP!L:L,MATCH($B13,FMP!$B:$B,0))&"","")) | M13: =IF($B13="","",IFERROR(INDEX(FMP!M:M,MATCH($B13,FMP!$B:$B,0))&"","")) | N13: =IF($B13="","",IFERROR(INDEX(FMP!N:N,MATCH($B13,FMP!$B:$B,0))&"","")) | O13: =IF($B13="","",IFERROR(INDEX(FMP!O:O,MATCH($B13,FMP!$B:$B,0))&"",""))
... K1000: =IF($B1000="","",IFERROR(INDEX(FMP!K:K,MATCH($B1000,FMP!$B:$B,0))&"","")) | L1000: =IF($B1000="","",IFERROR(INDEX(FMP!L:L,MATCH($B1000,FMP!$B:$B,0))&"","")) | M1000: =IF($B1000="","",IFERROR(INDEX(FMP!M:M,MATCH($B1000,FMP!$B:$B,0))&"","")) | N1000: =IF($B1000="","",IFERROR(INDEX(FMP!N:N,MATCH($B1000,FMP!$B:$B,0))&"","")) | O1000: =IF($B1000="","",IFERROR(INDEX(FMP!O:O,MATCH($B1000,FMP!$B:$B,0))&"",""))
